Rank,Player,REC,TGT,YDS,Y/R,LG,20+,TD,ATT,YDS,TD,FL,G,FPTS,FPTS/G,ROST
1,Cooper Kupp (LAR),145,191,"1,947",13.4,59,57,16,4,18,0,0,17,294.5,17.3,100.00%
2,Deebo Samuel (SF),77,121,"1,405",18.2,83,53,6,59,365,8,2,16,262,16.4,100.00%
3,Ja'Marr Chase (CIN),81,128,"1,455",18,82,49,13,7,21,0,1,17,223.6,13.2,100.00%
4,Justin Jefferson (MIN),108,167,"1,616",15,56,45,10,6,14,0,1,17,222.4,13.1,100.00%
5,Davante Adams (LV),123,169,"1,553",12.6,59,37,11,0,0,0,0,16,221.3,13.8,100.00%
6,Mike Evans (TB),74,114,"1,035",14,46,30,14,1,10,0,0,16,188.5,11.8,99.90%
7,Tyreek Hill (MIA),111,159,"1,239",11.2,75,24,9,9,96,0,1,17,185.5,10.9,100.00%
8,Stefon Diggs (BUF),103,164,"1,225",11.9,61,24,10,0,0,0,0,17,182.5,10.7,100.00%
9,Mike Williams (LAC),76,129,"1,146",15.1,72,37,9,0,0,0,0,16,170.6,10.7,98.60%
10,DK Metcalf (SEA),75,129,967,12.9,84,19,12,1,6,0,0,17,169.3,10,97.70%
11,Tyler Lockett (SEA),73,107,"1,175",16.1,69,43,8,2,9,0,0,16,168.4,10.5,87.40%
12,Diontae Johnson (PIT),107,169,"1,161",10.9,50,27,8,5,53,0,2,16,167.4,10.5,97.50%
13,Hunter Renfrow (LV),103,128,"1,038",10.1,54,14,9,3,3,0,1,17,156.1,9.2,93.00%
14,CeeDee Lamb (DAL),79,120,"1,102",13.9,49,31,6,9,76,0,0,16,153.8,9.6,99.90%
15,Keenan Allen (LAC),106,157,"1,138",10.7,42,19,6,0,0,0,0,16,151.8,9.5,99.90%
16,Michael Pittman Jr. (IND),88,129,"1,082",12.3,57,20,6,5,44,0,0,17,150.6,8.9,99.70%
17,Tee Higgins (CIN),74,110,"1,091",14.7,54,25,6,0,0,0,1,14,145.1,10.4,99.70%
18,DJ Moore (CAR),93,163,"1,157",12.4,64,20,4,8,48,0,1,17,144.5,8.5,99.20%
19,Chris Godwin (TB),98,127,"1,103",11.3,44,19,5,4,21,1,2,14,144.4,10.3,93.50%
20,Brandin Cooks (HOU),90,134,"1,037",11.5,52,24,6,2,21,0,0,16,141.8,8.9,96.60%
21,Jaylen Waddle (MIA),104,140,"1,015",9.8,57,15,6,2,3,1,1,16,141.8,8.9,98.20%
22,Darnell Mooney (CHI),81,140,"1,055",13,64,26,4,6,32,1,0,17,138.7,8.2,93.60%
23,Amon-Ra St. Brown (DET),90,119,912,10.1,37,15,5,7,61,1,0,16,137.3,8.6,96.00%
24,Terry McLaurin (WAS),77,130,"1,053",13.7,46,27,5,1,12,0,0,17,136.5,8,99.10%
25,Marquise Brown (ARI),91,146,"1,008",11.1,49,24,6,1,5,0,1,16,135.3,8.5,95.60%
26,Amari Cooper (CLE),68,104,865,12.7,41,20,8,0,0,0,0,15,134.5,9,93.20%
27,Adam Thielen (MIN),67,95,726,10.8,35,16,10,1,2,0,0,13,132.8,10.2,94.50%
28,Christian Kirk (JAC),77,103,982,12.8,50,28,5,1,11,0,0,17,130.6,7.7,90.20%
29,Kendrick Bourne (NE),55,70,800,14.5,75,22,5,12,125,0,1,17,125.5,7.4,3.60%
30,DeVonta Smith (PHI),64,104,916,14.3,46,22,5,0,0,0,1,17,121.6,7.2,89.00%
31,Van Jefferson (LAR),50,89,802,16,79,26,6,2,20,0,0,17,118.2,7,10.90%
32,A.J. Brown (PHI),63,105,869,13.8,57,17,5,2,10,0,0,13,117.9,9.1,99.70%
33,Tyler Boyd (CIN),67,94,828,12.4,68,18,5,2,22,0,0,16,116.8,7.3,63.50%
34,Brandon Aiyuk (SF),56,84,826,14.8,43,23,5,5,17,0,1,17,114.3,6.7,88.60%
35,K.J. Osborn (MIN),50,82,655,13.1,64,18,7,1,10,0,0,17,108.5,6.4,8.00%
36,Chase Claypool (PIT),59,105,860,14.6,59,26,2,14,96,0,0,15,107.6,7.2,77.40%
37,Marvin Jones Jr. (JAC),73,120,832,11.4,33,15,4,0,0,0,0,17,107.2,6.3,26.10%
38,Marquez Callaway (NO),46,84,698,15.2,58,18,6,0,0,0,0,17,105.8,6.2,0.70%
39,DeAndre Hopkins (ARI),42,64,572,13.6,55,13,8,0,0,0,0,10,105.2,10.5,85.90%
40,Tim Patrick (DEN),53,85,734,13.8,44,15,5,0,0,0,0,16,103.4,6.5,1.30%
41,Jakobi Meyers (NE),83,126,866,10.4,39,14,2,1,9,0,1,16,103.3,6.5,53.30%
42,A.J. Green (ARI),54,92,848,15.7,42,28,3,0,0,0,0,16,102.8,6.4,14.20%
43,Cedrick Wilson Jr. (MIA),45,61,602,13.4,73,16,6,2,11,0,0,14,102.8,7.3,2.60%
44,Allen Lazard (GB),40,60,513,12.8,42,12,8,3,32,0,0,14,102.5,7.3,87.40%
45,Russell Gage (TB),66,94,770,11.7,49,11,4,0,0,0,2,13,97,7.5,54.60%
46,Elijah Moore (NYJ),43,77,538,12.5,62,12,5,5,54,1,0,11,95.2,8.7,90.00%
47,Courtland Sutton (DEN),58,98,776,13.4,55,19,2,0,0,0,0,17,92.2,5.4,97.20%
48,Robert Woods (TEN),45,69,556,12.4,28,8,4,8,46,1,0,9,92.2,10.2,83.50%
49,Gabriel Davis (BUF),35,63,549,15.7,49,17,6,0,0,0,0,15,90.9,6.1,95.50%
50,Emmanuel Sanders (FA),42,72,626,14.9,41,15,4,2,31,0,0,14,89.7,6.4,0.10%
51,Robbie Anderson (CAR),53,110,519,9.8,57,6,5,3,36,0,0,17,85.5,5,24.30%
52,Odell Beckham Jr. (FA),44,82,537,12.2,54,12,5,2,14,0,0,14,85.1,6.1,10.40%
53,Byron Pringle (CHI),42,60,568,13.5,40,14,5,0,0,0,1,16,84.8,5.3,0.80%
54,Kalif Raymond (DET),48,71,576,12,75,12,4,4,28,0,0,16,84.4,5.3,0.10%
55,Mecole Hardman (KC),59,83,693,11.7,53,17,2,8,46,0,2,17,81.9,4.8,32.40%
56,Jarvis Landry (NO),52,87,570,11,38,10,2,6,40,2,2,12,81,6.8,49.90%
57,Antonio Brown (FA),42,62,545,13,62,15,4,1,6,0,0,7,79.1,11.3,0.30%
58,Cole Beasley (FA),82,112,693,8.5,29,5,1,0,0,0,0,16,77.3,4.8,0.20%
59,Deonte Harty (NO),36,59,570,15.8,72,16,3,5,41,0,1,13,77.1,5.9,0.20%
60,Donovan Peoples-Jones (CLE),34,58,597,17.6,60,22,3,0,0,0,1,14,75.7,5.4,2.90%
61,Bryan Edwards (ATL),34,59,571,16.8,51,19,3,1,0,0,0,16,75.1,4.7,0.90%
62,Braxton Berrios (NYJ),46,65,431,9.4,46,7,2,7,40,2,1,16,75.1,4.7,2.40%
63,Quez Watkins (PHI),43,62,647,15,91,22,1,1,3,0,0,17,73,4.3,0.40%
64,Corey Davis (NYJ),34,59,492,14.5,53,14,4,0,0,0,1,9,71.2,7.9,4.50%
65,Nick Westbrook-Ikhine (TEN),38,57,476,12.5,46,8,4,0,0,0,1,15,69.6,4.6,1.70%
66,Nelson Agholor (NE),37,64,473,12.8,44,12,3,3,11,0,0,15,66.4,4.4,0.90%
67,Jalen Guyton (LAC),31,48,448,14.5,59,10,3,7,34,0,0,16,66.2,4.1,0.20%
68,Randall Cobb (GB),28,39,375,13.4,54,11,5,1,1,0,1,11,65.6,6,5.50%
69,Laviska Shenault Jr. (CAR),63,100,619,9.8,58,11,0,11,41,0,1,16,64,4,0.80%
70,DeVante Parker (NE),40,73,515,12.9,42,11,2,0,0,0,0,10,63.5,6.4,44.10%
71,DeAndre Carter (LAC),24,44,296,12.3,26,5,3,10,89,0,0,17,62.5,3.7,0.60%
72,Freddie Swain (MIA),25,40,343,13.7,68,13,4,5,32,0,0,17,61.5,3.6,0.00%
73,Marquez Valdes-Scantling (KC),26,55,430,16.5,75,17,3,0,0,0,0,11,61,5.5,60.80%
74,Henry Ruggs III (FA),24,36,469,19.5,61,21,2,3,16,0,0,7,60.5,8.6,10.90%
75,Joshua Palmer (LAC),33,49,353,10.7,36,4,4,1,6,0,0,15,59.9,4,28.30%
76,Zay Jones (JAC),47,70,546,11.6,43,14,1,2,3,0,1,15,58.9,3.9,6.60%
77,Olamide Zaccheaus (ATL),31,53,406,13.1,49,9,3,1,2,0,0,15,58.8,3.9,0.20%
78,Jamison Crowder (BUF),51,71,447,8.8,29,3,2,0,0,0,1,12,58.7,4.9,4.10%
79,Jauan Jennings (SF),24,38,282,11.8,34,5,5,0,0,0,0,13,58.2,4.5,0.50%
80,Rashod Bateman (BAL),46,68,515,11.2,36,12,1,0,0,0,0,12,57.5,4.8,92.50%
81,Michael Gallup (DAL),35,62,445,12.7,41,11,2,0,0,0,0,9,56.5,6.3,44.30%
82,Zach Pascal (PHI),38,69,384,10.1,41,9,3,2,21,0,1,16,56.5,3.5,0.10%
83,DeSean Jackson (FA),20,34,454,22.7,75,19,2,1,4,0,1,14,55.8,4,5.00%
84,Tre'Quan Smith (NO),32,50,377,11.8,34,7,3,0,0,0,0,10,55.7,5.6,0.10%
85,Rondale Moore (ARI),54,64,435,8.1,77,7,1,18,76,0,1,14,55.1,3.9,28.50%
86,Kenny Golladay (NYG),37,76,521,14.1,36,6,0,0,0,0,0,14,52.1,3.7,28.60%
87,Jamal Agnew (JAC),24,39,229,9.5,29,4,1,7,111,1,0,12,52,4.3,0.10%
88,Josh Reynolds (DET),29,49,396,13.7,39,7,2,0,0,0,0,11,51.6,4.7,0.20%
89,T.Y. Hilton (FA),23,37,331,14.4,52,11,3,0,0,0,0,10,51.1,5.1,0.10%
90,Keelan Cole Sr. (LV),28,51,449,16,54,12,1,0,0,0,0,14,50.9,3.6,0.10%
91,Nico Collins (HOU),33,60,446,13.5,32,11,1,0,0,0,0,14,50.6,3.6,26.30%
92,Laquon Treadwell (NE),33,51,434,13.2,41,10,1,0,0,0,0,12,49.4,4.1,0.00%
93,Julio Jones (TB),31,48,434,14,51,9,1,0,0,0,0,10,49.4,4.9,52.70%
94,Allen Robinson II (LAR),38,66,410,10.8,39,6,1,0,0,0,0,12,49,4.1,95.90%
95,Jerry Jeudy (DEN),38,56,467,12.3,40,10,0,2,3,0,0,10,47,4.7,96.70%
96,Mack Hollins (LV),14,28,223,15.9,65,9,4,0,0,0,0,16,46.3,2.9,0.20%
97,Jalen Reagor (MIN),33,57,299,9.1,34,5,2,10,32,0,0,17,45.1,2.7,0.80%
98,Danny Amendola (FA),24,38,248,10.3,39,6,3,0,0,0,0,8,44.8,5.6,0.00%
99,Demarcus Robinson (BAL),25,41,264,10.6,33,4,3,0,0,0,0,15,44.4,3,0.30%
100,Devin Duvernay (BAL),33,47,272,8.2,21,1,2,7,50,0,0,16,44.2,2.8,16.70%
101,Sammy Watkins (GB),27,49,394,14.6,49,9,1,0,0,0,1,11,43.4,3.9,15.60%
102,Kadarius Toney (NYG),39,57,420,10.8,38,7,0,3,6,0,0,9,43.4,4.8,75.80%
103,Chris Conley (HOU),22,37,323,14.7,41,10,2,1,3,0,1,14,42.6,3,0.30%
104,Darius Slayton (NYG),26,58,339,13,42,7,2,1,-13,0,1,13,42.6,3.3,0.10%
105,James Washington (DAL),24,44,285,11.9,42,8,2,2,13,0,0,15,41.8,2.8,0.70%
106,Sterling Shepard (NYG),36,53,366,10.2,37,5,1,1,-9,0,0,7,41.7,6,2.20%
107,Calvin Ridley (ATL),31,52,281,9.1,22,3,2,0,0,0,0,5,40.1,8,0.90%
108,Damiere Byrd (ATL),26,38,329,12.7,54,6,1,0,0,0,1,11,38.9,3.5,0.00%
109,Antoine Wesley (ARI),19,32,208,10.9,33,5,3,0,0,0,0,8,38.8,4.9,0.00%
110,Adam Humphries (FA),41,62,383,9.3,27,4,0,0,0,0,0,17,38.3,2.3,1.00%
111,Marquise Goodwin (SEA),20,40,313,15.7,50,10,1,2,-1,0,0,14,37.2,2.7,0.10%
112,Lil'Jordan Humphrey (NE),13,18,249,19.2,56,9,2,0,0,0,0,8,36.9,4.6,0.10%
113,Tyler Johnson (HOU),36,55,360,10,31,6,0,0,0,0,0,16,36,2.3,0.10%
114,Chester Rogers (CLE),30,43,301,10,39,4,1,1,9,0,1,16,35,2.2,0.00%
115,Chris Moore (HOU),21,22,227,10.8,67,7,2,0,0,0,0,10,34.7,3.5,0.10%
116,Cyril Grayson Jr. (FA),10,12,212,21.2,62,11,2,1,14,0,0,3,34.6,11.5,0.00%
117,Quintez Cephus (DET),15,22,204,13.6,46,8,2,0,0,0,0,5,34.4,6.9,0.10%
118,Cam Sims (WAS),15,23,211,14.1,43,4,2,1,7,0,0,12,33.8,2.8,0.00%
119,Rashard Higgins (CAR),24,47,275,11.5,21,1,1,0,0,0,0,12,33.5,2.8,0.10%
120,Malik Turner (SF),12,16,149,12.4,61,4,3,0,0,0,0,7,32.9,4.7,0.00%
121,Ashton Dulin (IND),13,22,173,13.3,62,5,2,3,32,0,0,16,32.5,2,0.10%
122,Isaiah McKenzie (BUF),20,26,178,8.9,28,1,1,9,47,1,1,15,32.5,2.2,33.90%
123,Brandon Zylstra (FA),18,25,250,13.9,55,7,1,0,0,0,0,12,31,2.6,0.00%
124,John Ross (FA),11,20,224,20.4,51,5,1,1,16,0,0,9,30,3.3,0.00%
125,Jakeem Grant Sr. (CLE),11,17,132,12,46,5,2,5,33,0,3,15,28.5,1.9,0.00%
126,Isaiah Ford (FA),12,16,161,13.4,52,5,2,0,0,0,0,9,28.1,3.1,0.00%
127,Greg Ward (FA),7,11,95,13.6,27,1,3,0,0,0,0,10,27.6,2.8,0.00%
128,D.J. Chark Jr. (DET),7,22,154,22,41,5,2,0,0,0,0,3,27.4,9.1,44.80%
129,Tavon Austin (BUF),24,38,213,8.9,25,2,1,3,21,0,1,12,27.4,2.3,0.00%
130,Ray-Ray McCloud (SF),39,66,277,7.1,24,2,0,2,15,0,1,16,27.2,1.7,0.10%
131,Ihmir Smith-Marsette (CHI),5,6,116,23.2,44,6,2,0,0,0,0,6,23.6,3.9,0.10%
132,Kendall Hinton (DEN),15,23,175,11.7,40,4,1,0,0,0,0,11,23.5,2.1,0.00%
133,Anthony Schwartz (CLE),10,23,135,13.5,44,3,1,6,39,0,0,13,23.4,1.8,0.20%
134,Albert Wilson (FA),25,39,213,8.5,64,4,0,4,17,0,0,10,23,2.3,0.00%
135,Tajae Sharpe (FA),25,37,230,9.2,17,0,0,0,0,0,0,14,23,1.6,0.00%
136,Breshad Perriman (TB),11,18,167,15.2,58,7,1,1,-3,0,0,5,22.4,4.5,0.10%
137,Parris Campbell (IND),10,20,162,16.2,51,6,1,0,0,0,0,6,22.2,3.7,3.80%
138,James Proche II (BAL),16,20,202,12.6,32,3,0,0,0,0,0,7,20.2,2.9,0.10%
139,JuJu Smith-Schuster (KC),15,28,129,8.6,24,1,0,3,9,1,0,5,19.8,4,95.90%
140,Noah Brown (DAL),16,25,184,11.5,27,3,0,0,0,0,0,10,18.4,1.8,0.90%
141,Dee Eskridge (SEA),10,20,64,6.4,17,0,1,4,59,0,0,8,18.3,2.3,0.60%
142,KhaDarel Hodge (ATL),13,27,157,12.1,42,4,0,0,0,0,0,12,17.7,1.5,0.00%
143,Mohamed Sanu Sr. (FA),15,24,177,11.8,21,1,0,0,0,0,0,8,17.7,2.2,0.00%
144,N'Keal Harry (CHI),12,22,184,15.3,43,5,0,0,0,0,1,10,16.4,1.6,0.20%
145,Kristian Wilkerson (NE),4,8,42,10.5,20,1,2,0,0,0,0,1,16.2,16.2,0.00%
146,Dyami Brown (WAS),12,25,165,13.8,48,5,0,1,-4,0,0,10,16.1,1.6,0.10%
147,Terrace Marshall Jr. (CAR),17,30,138,8.1,23,1,0,0,0,0,0,12,15.8,1.3,0.70%
148,Marcus Johnson (NYG),9,19,160,17.8,50,6,0,2,-2,0,0,7,15.8,2.3,0.00%
149,Dante Pettis (CHI),10,16,87,8.7,27,1,1,0,0,0,0,3,15.3,5.1,0.00%
150,Trent Sherfield (MIA),9,20,87,9.7,18,0,1,0,0,0,0,12,14.7,1.2,0.00%
151,Scotty Miller (TB),5,9,38,7.6,13,0,0,2,43,1,0,6,14.1,2.4,0.10%
152,Denzel Mims (NYJ),8,23,133,16.6,40,5,0,0,0,0,0,10,13.3,1.3,0.10%
153,Ben Skowronek (LAR),11,20,133,12.1,35,3,0,0,0,0,0,12,13.3,1.1,0.10%
154,Kenny Stills (FA),6,23,68,11.3,22,1,1,1,1,0,0,7,12.9,1.8,0.00%
155,Tom Kennedy (DET),6,10,54,9,15,0,0,0,0,0,0,7,12.4,1.8,0.00%
156,Jeff Smith (NYJ),8,17,113,14.1,35,2,0,1,-1,0,0,9,11.2,1.2,0.00%
157,Equanimeous St. Brown (CHI),9,17,98,10.9,26,1,0,3,14,0,0,12,11.2,0.9,0.20%
158,Phillip Dorsett II (HOU),7,14,110,15.7,36,4,0,1,0,0,0,5,11,2.2,0.30%
159,Dez Fitzpatrick (TEN),5,8,49,9.8,18,0,1,0,0,0,0,3,10.9,3.6,0.00%
160,Collin Johnson (NYG),11,21,105,9.5,16,0,0,0,0,0,0,8,10.5,1.3,0.00%
161,Trinity Benson (FA),10,22,103,10.3,24,2,0,0,0,0,0,7,10.3,1.5,0.00%
162,Chris Hogan (FA),4,8,41,10.3,16,0,1,0,0,0,0,5,10.1,2,0.00%
163,Shi Smith (CAR),6,11,104,17.3,63,4,0,1,-3,0,0,5,10.1,2,0.10%
164,Auden Tate (PHI),3,4,39,13,18,0,1,0,0,0,0,4,9.9,2.5,0.00%
165,Josh Gordon (TEN),5,14,32,6.4,11,0,1,0,0,0,0,9,9.2,1,0.20%
166,Cameron Batson (ATL),2,5,15,7.5,13,0,1,2,15,0,0,4,9,2.3,0.00%
167,Anthony Miller (PIT),6,12,25,4.2,10,0,1,0,0,0,0,3,8.5,2.8,0.00%
168,Dezmon Patmon (IND),2,4,21,10.5,14,0,1,0,0,0,0,4,8.1,2,0.00%
169,Preston Williams (CAR),6,16,71,11.8,34,3,0,1,7,0,0,6,7.8,1.3,0.00%
170,Andre Roberts (CAR),1,2,35,35,35,2,0,3,19,0,2,16,7.4,0.5,0.00%
171,K.J. Hamler (DEN),5,10,74,14.8,28,2,0,0,0,0,0,3,7.4,2.5,5.30%
172,Dede Westbrook (FA),10,15,68,6.8,17,0,0,0,0,0,0,15,6.8,0.5,0.00%
173,Dax Milne (WAS),9,14,83,9.2,22,1,0,1,1,0,1,9,6.4,0.7,0.00%
174,Ja'Marcus Bradley (FA),4,4,64,16,37,2,0,0,0,0,0,4,6.4,1.6,0.00%
175,Brandon Powell (LAR),0,0,0,0,0,0,0,0,0,0,0,6,6,1,0.10%
176,Penny Hart (SEA),7,12,59,8.4,16,0,0,0,0,0,0,12,5.9,0.5,0.00%
177,C.J. Board (FA),4,6,51,12.8,38,2,0,1,6,0,0,6,5.7,1,0.00%
178,Amari Rodgers (GB),4,8,45,11.3,19,0,0,1,11,0,0,16,5.6,0.4,0.70%
179,Jason Moore Jr. (LAC),3,4,56,18.7,24,1,0,0,0,0,0,1,5.6,5.6,0.00%
180,Alex Erickson (WAS),3,4,55,18.3,25,1,0,0,0,0,0,17,5.5,0.3,0.00%
181,Jaelon Darden (TB),6,12,43,7.2,29,1,0,1,11,0,0,9,5.4,0.6,0.00%
182,Mike Thomas (CIN),5,11,52,10.4,19,0,0,0,0,0,0,7,5.2,0.7,0.10%
183,William Fuller V (FA),4,8,26,6.5,10,0,0,0,0,0,0,2,4.6,2.3,0.60%
184,Trent Taylor (CIN),2,3,41,20.5,26,1,0,0,0,0,0,4,4.1,1,0.10%
185,Gunner Olszewski (PIT),2,3,31,15.5,22,1,0,1,9,0,0,16,4,0.3,0.10%
186,Greg Dortch (ARI),3,3,15,5,10,0,0,1,24,0,0,5,3.9,0.8,0.00%
187,Curtis Samuel (WAS),6,9,27,4.5,10,0,0,4,11,0,0,5,3.8,0.8,7.20%
188,Willie Snead IV (FA),4,8,38,9.5,15,0,0,0,0,0,0,7,3.8,0.5,0.00%
189,Juwann Winfree (GB),8,13,58,7.3,12,0,0,0,0,0,1,5,3.8,0.8,0.00%
190,Kevin White (FA),1,5,38,38,38,2,0,0,0,0,0,4,3.8,1,0.00%
191,D.J. Montgomery (FA),3,6,36,12,14,0,0,0,0,0,0,2,3.6,1.8,0.00%
192,Pharoh Cooper (FA),4,11,33,8.3,15,0,0,1,3,0,0,8,3.6,0.5,0.00%
193,J.J. Arcega-Whiteside (SEA),2,5,36,18,23,1,0,0,0,0,0,7,3.6,0.5,0.10%
194,Trenton Irwin (CIN),2,5,34,17,25,1,0,0,0,0,0,5,3.4,0.7,0.00%
195,Seth Williams (JAC),1,1,34,34,34,2,0,0,0,0,0,1,3.4,3.4,0.00%
196,Cody Hollister (TEN),4,7,33,8.3,14,0,0,0,0,0,0,3,3.3,1.1,0.00%
197,Cody White (PIT),5,6,33,6.6,11,0,0,0,0,0,0,6,3.3,0.6,0.00%
198,KJ Hill Jr. (FA),3,3,30,10,19,0,0,0,0,0,0,6,3,0.5,0.00%
199,Jake Kumerow (BUF),2,6,28,14,15,0,0,0,0,0,0,7,2.8,0.4,0.10%
200,Mike Strachan (IND),2,3,26,13,16,0,0,0,0,0,0,2,2.6,1.3,0.00%
201,Christian Blake (FA),4,10,25,6.3,8,0,0,0,0,0,0,10,2.5,0.3,0.00%
202,Marcus Kemp (FA),2,5,24,12,16,0,0,0,0,0,0,12,2.4,0.2,0.00%
203,Tylan Wallace (BAL),2,6,23,11.5,18,0,0,0,0,0,0,10,2.3,0.2,0.10%
204,Dazz Newsome (FA),2,5,23,11.5,13,0,0,0,0,0,0,3,2.3,0.8,0.00%
205,Davion Davis (FA),1,3,17,17,17,0,0,0,0,0,0,2,1.7,0.9,0.00%
206,Keith Kirkwood (FA),3,7,17,5.7,7,0,0,0,0,0,0,3,1.7,0.6,0.00%
207,David Sills V (NYG),2,6,17,8.5,12,0,0,0,0,0,0,4,1.7,0.4,0.00%
208,Tyron Johnson (LV),2,5,16,8,10,0,0,0,0,0,0,7,1.6,0.2,0.10%
209,Tyrell Williams (FA),2,3,14,7,7,0,0,0,0,0,0,1,1.4,1.4,0.00%
210,Stanley Morgan Jr. (CIN),2,4,11,5.5,8,0,0,1,3,0,0,11,1.4,0.1,0.00%
211,Frank Darby (ATL),1,4,14,14,14,0,0,0,0,0,0,4,1.4,0.4,0.00%
212,Andy Isabella (ARI),1,1,13,13,13,0,0,0,0,0,0,3,1.3,0.4,0.10%
213,Kirk Merritt (NO),1,3,13,13,13,0,0,0,0,0,0,1,1.3,1.3,0.00%
214,C.J. Saunders (CAR),2,2,11,5.5,8,0,0,0,0,0,0,1,1.1,1.1,0.00%
215,Jaydon Mickens (FA),2,3,10,5,12,0,0,0,0,0,0,12,1,0.1,0.00%
216,Tarik Black (NYJ),1,2,10,10,10,0,0,0,0,0,0,1,1,1,0.00%
217,Marvin Hall (FA),1,1,10,10,10,0,0,0,0,0,0,1,1,1,0.00%
218,Tommylee Lewis (FA),1,2,7,7,7,0,0,0,0,0,0,2,0.7,0.4,0.00%
219,Miles Boykin (PIT),1,1,6,6,6,0,0,0,0,0,0,2,0.6,0.3,0.10%
220,Easop Winston Jr. (FA),1,1,5,5,5,0,0,0,0,0,0,3,0.5,0.2,0.00%
221,Keke Coutee (IND),1,1,5,5,5,0,0,0,0,0,0,1,0.5,0.5,0.00%
222,Maurice Ffrench (FA),0,0,0,0,0,0,0,1,3,0,0,2,0.3,0.2,0.00%
223,Isaiah Coulter (CHI),0,1,0,0,0,0,0,0,0,0,0,1,0,0,0.00%
224,Marquez Stevenson (BUF),0,0,0,0,0,0,0,0,0,0,0,5,0,0,0.00%
225,Demetric Felton Jr. (CLE),18,21,181,10.1,33,3,2,7,24,0,0,15,0,0,0.10%
226,Pooka Williams Jr. (FA),0,0,0,0,0,0,0,0,0,0,0,1,0,0,0.00%
227,Tutu Atwell (LAR),0,0,0,0,0,0,0,0,0,0,0,6,0,0,0.20%
228,Dan Chisena (MIN),0,0,0,0,0,0,0,0,0,0,0,2,0,0,0.00%
229,Josh Hammond (FA),0,0,0,0,0,0,0,0,0,0,0,1,0,0,0.00%
230,Matt Cole (FA),0,0,0,0,0,0,0,0,0,0,0,1,0,0,0.00%
231,Vyncint Smith (DEN),0,1,0,0,0,0,0,0,0,0,0,1,0,0,0.00%
232,Damion Ratley (FA),0,0,0,0,0,0,0,0,0,0,0,1,0,0,0.00%
233,Jordan Veasy (FA),0,0,0,0,0,0,0,0,0,0,0,2,0,0,0.00%
234,John Hightower (FA),0,0,0,0,0,0,0,0,0,0,0,1,0,0,0.00%
235,Mason Kinsey (TEN),0,0,0,0,0,0,0,0,0,0,0,1,0,0,0.00%
236,Tyrie Cleveland (DEN),0,1,0,0,0,0,0,0,0,0,0,4,0,0,0.10%
237,Antonio Gandy-Golden (FA),0,0,0,0,0,0,0,0,0,0,0,1,0,0,0.00%
238,Cody Thompson (SEA),0,0,0,0,0,0,0,0,0,0,0,2,0,0,0.00%
239,Quinton Bell (ATL),0,0,0,0,0,0,0,0,0,0,0,1,0,0,0.00%
240,Nsimba Webster (CHI),0,0,0,0,0,0,0,0,0,0,0,6,0,0,0.00%
241,Jacob Harris (LAR),0,0,0,0,0,0,0,0,0,0,0,1,0,0,0.00%
242,Michael Bandy (LAC),0,0,0,0,0,0,0,0,0,0,0,2,0,0,0.00%
243,Dillon Stoner (LV),0,0,0,0,0,0,0,0,0,0,0,2,0,0,0.00%
244,Landen Akers (FA),0,0,0,0,0,0,0,0,0,0,0,1,0,0,0.00%
245,Brandon Smith (DAL),0,0,0,0,0,0,0,0,0,0,0,1,0,0,0.00%
246,Osirus Mitchell (FA),0,0,0,0,0,0,0,0,0,0,0,1,0,0,0.00%
247,Kawaan Baker (NO),0,0,0,0,0,0,0,0,0,0,0,1,0,0,0.00%
248,Jalen Camp (HOU),0,0,0,0,0,0,0,0,0,0,0,1,0,0,0.00%
249,John Brown (FA),0,3,0,0,0,0,0,0,0,0,0,3,0,0,2.00%
250,Daurice Fountain (KC),0,0,0,0,0,0,0,0,0,0,0,1,0,0,0.00%
251,Matthew Slater (NE),0,0,0,0,0,0,0,0,0,0,0,10,0,0,0.00%
252,Geronimo Allison (FA),0,2,0,0,0,0,0,0,0,0,0,1,0,0,0.00%
253,Rodney Adams (FA),0,1,0,0,0,0,0,0,0,0,0,1,0,0,0.00%
254,River Cracraft (MIA),0,0,0,0,0,0,0,0,0,0,0,3,0,0,0.00%
255,David Moore (CHI),0,2,0,0,0,0,0,0,0,0,0,2,0,0,0.00%
256,Ryan Switzer (FA),0,0,0,0,0,0,0,0,0,0,0,1,0,0,0.00%
257,Justin Hardee (NYJ),0,0,0,0,0,0,0,0,0,0,0,11,0,0,0.00%
258,JoJo Natson (FA),0,0,0,0,0,0,0,0,0,0,0,3,0,0,0.00%
259,Allen Hurns (FA),0,0,0,0,0,0,0,0,0,0,0,4,0,0,0.00%
260,Ty Montgomery (NE),16,26,95,5.9,21,1,0,15,44,0,0,14,0,0,1.50%
261,Devin Smith (FA),0,1,0,0,0,0,0,0,0,0,0,1,0,0,0.00%
262,Alex Bachman (FA),0,0,0,0,0,0,0,1,-3,0,0,2,-0.3,-0.2,0.00%
263,Malik Taylor (FA),2,3,14,7,7,0,0,0,0,0,1,7,-0.6,-0.1,0.00%
264,Racey McMath (TEN),2,6,8,4,9,0,0,0,0,0,1,6,-1.2,-0.2,0.00%
265,J.J. Koski (FA),0,0,0,0,0,0,0,0,0,0,1,3,-2,-0.7,0.00%
266,Travis Benjamin (FA),0,5,0,0,0,0,0,0,0,0,1,5,-2,-0.4,0.00%
267,Diontae Spencer (NYJ),1,4,-3,-3,0,0,0,0,0,0,2,15,-4.3,-0.3,0.00%
